{
  "metadata": {
    "evaluation_name": "CWA Statistical Analysis",
    "description": "Paired t-tests, K-saturation diagnostic, gradient bias table, p_c audit, MLP gradient ratio analysis, ResNet CIFAR-100 analysis, SOC J-stability, verdict synthesis.",
    "paired_ttests": {
      "shakespeare_cwa_vs_gelu": {
        "test": "paired_t",
        "n": 3,
        "mean_cwa": 3.351850349907963,
        "mean_baseline": 3.2252450715271874,
        "mean_diff_cwa_minus_base": 0.1266052783807754,
        "t_stat": 21.104127296967565,
        "p_two_sided": 0.002237719028639736,
        "p_one_sided_H0_cwa_ge_base": 0.001118859514319868,
        "cohens_d": 13.755029743862158,
        "bootstrap_ci_95_lo": 0.11571624728964114,
        "bootstrap_ci_95_hi": 0.1400370316890811,
        "interpretation": "CWA is WORSE (higher BPC)"
      },
      "shakespeare_cwa_vs_selu": {
        "test": "paired_t",
        "n": 3,
        "mean_cwa": 3.351850349907963,
        "mean_baseline": 3.3514590756186386,
        "mean_diff_cwa_minus_base": 0.00039127428932417274,
        "t_stat": 0.13327451969035237,
        "p_two_sided": 0.9061763884697085,
        "p_one_sided_H0_cwa_ge_base": 0.45308819423485425,
        "cohens_d": 0.10388526483953264,
        "bootstrap_ci_95_lo": -0.003746116928686316,
        "bootstrap_ci_95_hi": 0.005816347769488139,
        "interpretation": "CWA is WORSE (higher BPC)"
      },
      "shakespeare_cwa_vs_tanh_swish": {
        "test": "paired_t",
        "n": 3,
        "mean_cwa": 3.351850349907963,
        "mean_baseline": 3.3371464867932663,
        "mean_diff_cwa_minus_base": 0.014703863114696514,
        "t_stat": 6.953156065958241,
        "p_two_sided": 0.020063677083304563,
        "p_one_sided_H0_cwa_ge_base": 0.010031838541652282,
        "cohens_d": 3.602474943137624,
        "bootstrap_ci_95_lo": 0.009852700326666852,
        "bootstrap_ci_95_hi": 0.020534529013144898,
        "interpretation": "CWA is WORSE (higher BPC)"
      },
      "shakespeare_cwa_vs_gelu+ln": {
        "test": "paired_t",
        "n": 3,
        "mean_cwa": 3.351850349907963,
        "mean_baseline": 3.260416766489922,
        "mean_diff_cwa_minus_base": 0.09143358341804086,
        "t_stat": 47.57808300387525,
        "p_two_sided": 0.0004414672146764949,
        "p_one_sided_H0_cwa_ge_base": 0.00022073360733824746,
        "cohens_d": 22.94076531841499,
        "bootstrap_ci_95_lo": 0.08667102838483753,
        "bootstrap_ci_95_hi": 0.09714240534110763,
        "interpretation": "CWA is WORSE (higher BPC)"
      },
      "wikitext2_cwa_vs_gelu": {
        "test": "welch_t",
        "n": 2,
        "mean_cwa": 767.4166611828086,
        "mean_baseline": 738.7480346569839,
        "mean_diff_cwa_minus_base": 28.66862652582472,
        "t_stat": 2.934000437031894,
        "p_two_sided": 0.0992998964358049,
        "p_one_sided_H0_cwa_ge_base": 0.049592012909006514,
        "cohens_d": 2.934000437031894,
        "bootstrap_ci_95_lo": 14.851821674581515,
        "bootstrap_ci_95_hi": 42.485431377067925,
        "interpretation": "CWA is WORSE (higher PPL)"
      },
      "wikitext2_cwa_vs_selu": {
        "test": "welch_t",
        "n": 2,
        "mean_cwa": 767.4166611828086,
        "mean_baseline": 756.3024270148571,
        "mean_diff_cwa_minus_base": 11.114234167951508,
        "t_stat": 1.1559329376081873,
        "p_two_sided": 0.3671397223802153,
        "p_one_sided_H0_cwa_ge_base": 0.1835698597578489,
        "cohens_d": 1.1559329376081873,
        "bootstrap_ci_95_lo": -2.4833545232926326,
        "bootstrap_ci_95_hi": 24.71182285919565,
        "interpretation": "CWA is WORSE (higher PPL)"
      },
      "wikitext2_cwa_vs_tanh_swish": {
        "test": "welch_t",
        "n": 2,
        "mean_cwa": 767.4166611828086,
        "mean_baseline": 761.6275704913164,
        "mean_diff_cwa_minus_base": 5.78909069149222,
        "t_stat": 0.5590923962117765,
        "p_two_sided": 0.6332819523030423,
        "p_one_sided_H0_cwa_ge_base": 0.3161749033579483,
        "cohens_d": 0.5590923962117765,
        "bootstrap_ci_95_lo": -8.819444495856601,
        "bootstrap_ci_95_hi": 20.39762587884104,
        "interpretation": "CWA is WORSE (higher PPL)"
      },
      "wikitext2_cwa_vs_gelu+ln": {
        "test": "welch_t",
        "n": 2,
        "mean_cwa": 767.4166611828086,
        "mean_baseline": 744.4728609707167,
        "mean_diff_cwa_minus_base": 22.9438002120919,
        "t_stat": 2.2972697427780044,
        "p_two_sided": 0.14909908566098773,
        "p_one_sided_H0_cwa_ge_base": 0.0742129649266459,
        "cohens_d": 2.2972697427780044,
        "bootstrap_ci_95_lo": 8.828889060798247,
        "bootstrap_ci_95_hi": 37.058711363385555,
        "interpretation": "CWA is WORSE (higher PPL)"
      }
    },
    "k_saturation": {
      "K_max_in_code": 5,
      "K_max_mandated_iter2": 50,
      "fraction_hits_K_max": 1.0,
      "mean_rho_J_s_bar": 0.4512508066666667,
      "analytical_residual_at_K5": 0.01871069658903099,
      "tolerance_delta": 5.487491933333333e-05,
      "required_K_for_tolerance": 13,
      "residual_at_K50": 5.25895631788361e-18,
      "all_K_equal_K_max": true,
      "conclusion": "K_max=5 in code. All 100% of logged K values equal K_max → K=5 is SATURATION (hit the cap), NOT genuine tolerance convergence. Analytical residual at K=5: 0.01871 >> tolerance 5.49e-05. Genuine conver..."
    },
    "gradient_bias_table": {
      "table_rho_x_T": {
        "rho=0.30": {
          "T=3": 0.027,
          "T=5": 0.00243,
          "T=10": 6e-06
        },
        "rho=0.35": {
          "T=3": 0.042875,
          "T=5": 0.005252,
          "T=10": 2.8e-05
        },
        "rho=0.40": {
          "T=3": 0.064,
          "T=5": 0.01024,
          "T=10": 0.000105
        },
        "rho=0.45": {
          "T=3": 0.091125,
          "T=5": 0.018453,
          "T=10": 0.000341
        },
        "rho=0.50": {
          "T=3": 0.125,
          "T=5": 0.03125,
          "T=10": 0.000977
        },
        "rho=0.55": {
          "T=3": 0.166375,
          "T=5": 0.050328,
          "T=10": 0.002533
        },
        "rho=0.60": {
          "T=3": 0.216,
          "T=5": 0.07776,
          "T=10": 0.006047
        }
      },
      "highlighted_empirical": {
        "rho": 0.4512508066666667,
        "T_warm_start": 5,
        "T_code_param_warm_steps": 3,
        "bias_at_K_max": 0.01871069658903099,
        "bias_warm_start_3": 0.09188697910528719
      },
      "ift_never_triggered": true,
      "ift_threshold": 0.8,
      "ift_bias_proxy": 1.9999999999999995e-05,
      "note": "Empirical rho=0.4513, K_max=5 (warm-start-5). Warm-start-5 gradient bias = 0.0187 (~1.87%). Warm-start-3 (code param) bias = 0.0919 (~9.19%). IFT never triggered (J·s̄ stayed ~0.451 << 0.8). IFT bias ..."
    },
    "pc_consistency_audit": {
      "p_c_mandated_by_hypothesis": 0.83,
      "p_c_used_mlp_experiment": 0.5,
      "p_c_used_lm_experiment": 0.5,
      "deviation_from_mandate": 0.32999999999999996,
      "baseline_at_critical_point": false,
      "impact": "Both MLP (art_kKv207AAQYq2) and LM (art_DdhxnRglYGM6) experiments used p_c=0.50 for the CompetingNonlinearities / tanh+Swish baseline instead of the analytically mandated p_c=0.83 (Lesser & Chowdhury ..."
    },
    "mlp_gradient_ratio": {
      "experiment_status": "experiment_in_progress",
      "completed_configs": {
        "depth_6": [
          "relu",
          "gelu"
        ]
      },
      "n_completed": 2,
      "planned_configs": 27,
      "completion_fraction": 0.07407407407407407,
      "completed_gradient_ratios": [
        {
          "activation": "relu",
          "depth": 6,
          "gradient_ratio": 0.4579,
          "accuracy": 0.5217
        },
        {
          "activation": "gelu",
          "depth": 6,
          "gradient_ratio": 1.685,
          "accuracy": 0.5125
        }
      ],