{
  "standard_no_bn": {
    "CWA": {
      "test_acc_mean": 0.1401,
      "test_acc_std": 0.0,
      "seeds": [
        0.1401
      ],
      "acc_history_per_seed": [
        [
          0.0689,
          0.0887,
          0.1015,
          0.1128,
          0.111,
          0.1263,
          0.1235,
          0.134,
          0.1345,
          0.1401
        ]
      ],
      "final_J_s_bar_per_block": {
        "group1.1.act1": [
          0.3117582016741223
        ],
        "group2.0.act1": [
          0.3731106384788328
        ],
        "group2.2.act2": [
          0.27420388379365285
        ],
        "group1.2.act2": [
          0.26352990428200157
        ],
        "group3.2.act2": [
          0.17338514533799018
        ],
        "act0": [
          0.4000729131881538
        ],
        "group3.1.act1": [
          0.3340815548854106
        ],
        "group2.2.act1": [
          0.3187128911390329
        ],
        "group1.0.act1": [
          0.36698096220755516
        ],
        "group1.2.act1": [
          0.2892060439147608
        ],
        "group2.1.act1": [
          0.31848341638169936
        ],
        "group1.1.act2": [
          0.2794587896455584
        ],
        "group2.0.act2": [
          0.29118505181254023
        ],
        "group2.1.act2": [
          0.2822787210612041
        ],
        "group3.0.act2": [
          0.3105524016158355
        ],
        "group3.0.act1": [
          0.3778606150918605
        ],
        "group3.2.act1": [
          0.2789039979962742
        ],
        "group1.0.act2": [
          0.29854945003833916
        ],
        "group3.1.act2": [
          0.2675667344914068
        ]
      },
      "train_time_sec_per_seed": [
        285.8152003288269
      ]
    },
    "GELU": {
      "test_acc_mean": 0.1893,
      "test_acc_std": 0.0,
      "seeds": [
        0.1893
      ],
      "acc_history_per_seed": [
        [
          0.0445,
          0.0843,
          0.113,
          0.1326,
          0.1531,
          0.1617,
          0.1722,
          0.1822,
          0.1878,
          0.1893
        ]
      ],
      "final_J_s_bar_per_block": {},
      "train_time_sec_per_seed": [
        83.61170482635498
      ]
    },
    "SELU": {
      "test_acc_mean": 0.2384,
      "test_acc_std": 0.0,
      "seeds": [
        0.2384
      ],
      "acc_history_per_seed": [
        [
          0.0812,
          0.1271,
          0.1514,
          0.1769,
          0.1908,
          0.2083,
          0.2237,
          0.2336,
          0.2352,
          0.2384
        ]
      ],
      "final_J_s_bar_per_block": {},
      "train_time_sec_per_seed": [
        84.08253502845764
      ]
    },
    "tanhLN": {
      "test_acc_mean": 0.164,
      "test_acc_std": 0.0,
      "seeds": [
        0.164
      ],
      "acc_history_per_seed": [
        [
          0.0617,
          0.0928,
          0.1107,
          0.1272,
          0.1329,
          0.1512,
          0.1574,
          0.1597,
          0.1617,
          0.164
        ]
      ],
      "final_J_s_bar_per_block": {},
      "train_time_sec_per_seed": [
        91.54152035713196
      ]
    },
    "GELULN": {
      "test_acc_mean": 0.1905,
      "test_acc_std": 0.0,
      "seeds": [
        0.1905
      ],
      "acc_history_per_seed": [
        [
          0.0702,
          0.1074,
          0.127,
          0.1443,
          0.1596,
          0.1694,
          0.1741,
          0.1834,
          0.1857,
          0.1905
        ]
      ],
      "final_J_s_bar_per_block": {},
      "train_time_sec_per_seed": [
        90.99194931983948
      ]
    }
  },
  "standard_bn": {
    "CWA": {
      "test_acc_mean": 0.3553,
      "test_acc_std": 0.0,
      "seeds": [
        0.3553
      ],
      "acc_history_per_seed": [
        [
          0.0977,
          0.1196,
          0.167,
          0.1792,
          0.1877,
          0.2292,
          0.2449,
          0.3069,
          0.3384,
          0.3553
        ]
      ],
      "final_J_s_bar_per_block": {
        "group1.1.act1": [
          0.4775129930137673
        ],
        "group2.0.act1": [
          0.4103333152773435
        ],
        "group2.2.act2": [
          0.2608323563700137
        ],
        "group1.2.act2": [
          0.23860319397028754
        ],
        "group3.2.act2": [
          0.24115671206008443
        ],
        "act0": [
          0.33802791904000673
        ],
        "group3.1.act1": [
          0.4308337421368455
        ],
        "group2.2.act1": [
          0.44771275968502855
        ],
        "group1.0.act1": [
          0.36136579254399176
        ],
        "group1.2.act1": [
          0.4558389154846406
        ],
        "group2.1.act1": [
          0.43077814175039914
        ],
        "group1.1.act2": [
          0.23331631937295275
        ],
        "group2.0.act2": [
          0.26688947778223726
        ],
        "group2.1.act2": [
          0.2518385951323887
        ],
        "group3.0.act2": [
          0.32035951533585866
        ],
        "group3.0.act1": [
          0.41347442403473816
        ],
        "group3.2.act1": [
          0.4215673632786402
        ],
        "group1.0.act2": [
          0.2706844805146727
        ],
        "group3.1.act2": [
          0.27572332608425404
        ]
      },
      "train_time_sec_per_seed": [
        289.6028051376343
      ]
    },
    "GELU": {
      "test_acc_mean": 0.5615,
      "test_acc_std": 0.0,
      "seeds": [
        0.5615
      ],
      "acc_history_per_seed": [
        [
          0.1216,
          0.2347,
          0.2861,
          0.3422,
          0.3818,
          0.4198,
          0.4697,
          0.513,
          0.5333,
          0.5615
        ]
      ],
      "final_J_s_bar_per_block": {},
      "train_time_sec_per_seed": [
        84.67771816253662
      ]
    }
  },
  "wide_no_bn": {
    "CWA": {
      "test_acc_mean": 0.2308,
      "test_acc_std": 0.0,
      "seeds": [
        0.2308
      ],
      "acc_history_per_seed": [
        [
          0.1028,
          0.1403,
          0.1592,
          0.1805,
          0.1899,
          0.2053,
          0.214,
          0.2185,
          0.2271,
          0.2308
        ]
      ],
      "final_J_s_bar_per_block": {
        "group1.1.act1": [
          0.3613700351446791
        ],
        "group2.0.act1": [
          0.3702790610625616
        ],
        "group2.2.act2": [
          0.2893754520532115
        ],
        "group1.2.act2": [
          0.2742906860683275
        ],
        "group3.2.act2": [
          0.22544123140899727
        ],
        "act0": [
          0.4622735541190028
        ],
        "group3.1.act1": [
          0.3482587811587107
        ],
        "group2.2.act1": [
          0.32675060546001816
        ],
        "group1.0.act1": [
          0.4428812886595421
        ],
        "group1.2.act1": [
          0.32320746657488597
        ],
        "group2.1.act1": [
          0.33072864338565056
        ],
        "group1.1.act2": [
          0.2956830448354297
        ],
        "group2.0.act2": [
          0.3004697303637824
        ],
        "group2.1.act2": [
          0.2891106414215644
        ],
        "group3.0.act2": [
          0.32829996432794634
        ],
        "group3.0.act1": [
          0.3881199327118866
        ],
        "group3.2.act1": [
          0.31032010745209504
        ],
        "group1.0.act2": [
          0.39164441000774997
        ],
        "group3.1.act2": [
          0.296132091594779
        ]
      },
      "train_time_sec_per_seed": [
        1100.5311584472656
      ]
    },
    "GELU": {
      "test_acc_mean": 0.2676,
      "test_acc_std": 0.0,
      "seeds": [
        0.2676
      ],
      "acc_history_per_seed": [
        [
          0.0739,
          0.1374,
          0.1715,
          0.197,
          0.2092,
          0.2328,
          0.2499,
          0.2606,
          0.2653,
          0.2676
        ]
      ],