{
  "lm_data": {
    "shakespeare_bpc": {
      "gelu": {
        "mean": 3.2252450715271874,
        "std": 0.009753319084885793,
        "per_seed": [
          3.2293590570529664,
          3.2345897098790837,
          3.2117864476495117
        ]
      },
      "gelu+ln": {
        "mean": 3.260416766489922,
        "std": 0.0018300403101225073,
        "per_seed": [
          3.262419722303911,
          3.2608346889177224,
          3.2579958882481326
        ]
      },
      "selu": {
        "mean": 3.3514590756186386,
        "std": 0.0010407082653683345,
        "per_seed": [
          3.3514208129184744,
          3.352752378273821,
          3.3502040356636202
        ]
      },
      "tanh_swish": {
        "mean": 3.3371464867932663,
        "std": 0.002093143723628238,
        "per_seed": [
          3.338893080681675,
          3.338342956336707,
          3.3342034233614175
        ]
      },
      "cwa": {
        "mean": 3.351850349907963,
        "std": 0.004222720089646927,
        "per_seed": [
          3.3576810158064108,
          3.350052849154899,
          3.3478171847625795
        ]
      }
    },
    "wikitext2_ppl": {
      "gelu": {
        "mean": 738.7480346569839,
        "std": 7.017439422271366,
        "per_seed": [
          745.7654740792553,
          731.7305952347126
        ]
      },
      "gelu+ln": {
        "mean": 744.4728609707167,
        "std": 7.315545722321815,
        "per_seed": [
          751.7884066930386,
          737.157315248395
        ]
      },
      "selu": {
        "mean": 756.3024270148571,
        "std": 6.798223262272302,
        "per_seed": [
          763.1006502771295,
          749.5042037525849
        ]
      },
      "tanh_swish": {
        "mean": 761.6275704913164,
        "std": 7.8091697583769815,
        "per_seed": [
          769.4367402496935,
          753.8184007329395
        ]
      },
      "cwa": {
        "mean": 767.4166611828086,
        "std": 6.799365428971839,
        "per_seed": [
          774.2160266117805,
          760.6172957538369
        ]
      }
    },
    "J_s_bar_trajectory_per_layer": {
      "shakespeare": {
        "seed_42": {
          "layer_0": [
            {
              "step": 0,
              "J": 0.5,
              "J_s_bar": 0.456989,
              "K": 5,
              "mode": "unrolled"
            },
            {
              "step": 100,
              "J": 0.499536,
              "J_s_bar": 0.448887,
              "K": 5,
              "mode": "unrolled"
            },
            {
              "step": 200,
              "J": 0.499059,
              "J_s_bar": 0.443841,
              "K": 5,
              "mode": "unrolled"
            },
            {
              "step": 300,
              "J": 0.499137,
              "J_s_bar": 0.441952,
              "K": 5,
              "mode": "unrolled"
            },
            {
              "step": 400,
              "J": 0.499038,
              "J_s_bar": 0.441164,
              "K": 5,
              "mode": "unrolled"
            }
          ],
          "layer_1": [
            {
              "step": 0,
              "J": 0.5,
              "J_s_bar": 0.457232,
              "K": 5,
              "mode": "unrolled"
            },
            {
              "step": 100,
              "J": 0.501251,
              "J_s_bar": 0.449411,
              "K": 5,
              "mode": "unrolled"
            },
            {
              "step": 200,
              "J": 0.500972,
              "J_s_bar": 0.449103,
              "K": 5,
              "mode": "unrolled"
            },
            {
              "step": 300,
              "J": 0.500712,
              "J_s_bar": 0.449579,
              "K": 5,
              "mode": "unrolled"
            },
            {
              "step": 400,
              "J": 0.500627,
              "J_s_bar": 0.450202,
              "K": 5,
              "mode": "unrolled"
            }
          ]
        },
        "seed_123": {
          "layer_0": [
            {
              "step": 0,
              "J": 0.5,
              "J_s_bar": 0.457011,
              "K": 5,
              "mode": "unrolled"
            },
            {
              "step": 100,
              "J": 0.500283,
              "J_s_bar": 0.449275,
              "K": 5,
              "mode": "unrolled"
            },
            {
              "step": 200,
              "J": 0.500315,
              "J_s_bar": 0.444435,
              "K": 5,
              "mode": "unrolled"
            },
            {
              "step": 300,
              "J": 0.500379,
              "J_s_bar": 0.442544,
              "K": 5,
              "mode": "unrolled"
            },
            {
              "step": 400,
              "J": 0.500346,
              "J_s_bar": 0.442055,
              "K": 5,
              "mode": "unrolled"
            }
          ],
          "layer_1": [
            {
              "step": 0,
              "J": 0.5,
              "J_s_bar": 0.457222,
              "K": 5,
              "mode": "unrolled"
            },
            {
              "step": 100,
              "J": 0.500074,
              "J_s_bar": 0.448111,
              "K": 5,
              "mode": "unrolled"
            },
            {
              "step": 200,
              "J": 0.499612,
              "J_s_bar": 0.44792,
              "K": 5,
              "mode": "unrolled"
            },
            {
              "step": 300,
              "J": 0.499509,
              "J_s_bar": 0.44868,
              "K": 5,
              "mode": "unrolled"
            },
            {
              "step": 400,
              "J": 0.499489,
              "J_s_bar": 0.449805,
              "K": 5,
              "mode": "unrolled"
            }
          ]
        },
        "seed_7": {
          "layer_0": [
            {
              "step": 0,
              "J": 0.5,
              "J_s_bar": 0.457557,
              "K": 5,
              "mode": "unrolled"
            },
            {
              "step": 100,
              "J": 0.499592,
              "J_s_bar": 0.44884,
              "K": 5,
              "mode": "unrolled"
            },
            {
              "step": 200,
              "J": 0.4992,
              "J_s_bar": 0.443972,
              "K": 5,
              "mode": "unrolled"
            },
            {
              "step": 300,
              "J": 0.499007,
              "J_s_bar": 0.441582,
              "K": 5,
              "mode": "unrolled"
            },
            {
              "step": 400,
              "J": 0.498898,
              "J_s_bar": 0.441188,
              "K": 5,
              "mode": "unrolled"
            }
          ],
          "layer_1": [
            {
              "step": 0,
              "J": 0.5,
              "J_s_bar": 0.456316,
              "K": 5,
              "mode": "unrolled"
            },
            {
              "step": 100,
              "J": 0.49971,
              "J_s_bar": 0.447545,
              "K": 5,
              "mode": "unrolled"
            },
            {
              "step": 200,
              "J": 0.499558,
              "J_s_bar": 0.448158,
              "K": 5,
              "mode": "unrolled"
            },
            {
              "step": 300,
              "J": 0.499239,
              "J_s_bar": 0.448367,
              "K": 5,
              "mode": "unrolled"
            },
            {
              "step": 400,
              "J": 0.499087,
              "J_s_bar": 0.449316,
              "K": 5,
              "mode": "unrolled"
            }
          ]
        }
      },
      "wikitext2": {
        "seed_42": {
          "layer_0": [
            {
              "step": 0,
              "J": 0.5,
              "J_s_bar": 0.45712,
              "K": 5,
              "mode": "unrolled"
            },
            {
              "step": 100,
              "J": 0.500223,