{
  "metadata": {
    "experiment": "CWA Language Model Experiment",
    "description": "6L-256H GPT trained on Tiny Shakespeare (char-level, 3 seeds, 500 steps) and WikiText-2 (BPE gpt2, 2 seeds, 500 steps). CWA replaces GELU in FFN blocks.",
    "total_examples": 150
  },
  "shakespeare_bpc": {
    "gelu": {
      "mean": 3.2252450715271874,
      "std": 0.009753319084885793,
      "per_seed": [
        3.2293590570529664,
        3.2345897098790837,
        3.2117864476495117
      ]
    },
    "gelu+ln": {
      "mean": 3.260416766489922,
      "std": 0.0018300403101225073,
      "per_seed": [
        3.262419722303911,
        3.2608346889177224,
        3.2579958882481326
      ]
    },
    "selu": {
      "mean": 3.3514590756186386,
      "std": 0.0010407082653683345,
      "per_seed": [
        3.3514208129184744,
        3.352752378273821,
        3.3502040356636202
      ]
    },
    "tanh_swish": {
      "mean": 3.3371464867932663,
      "std": 0.002093143723628238,
      "per_seed": [
        3.338893080681675,
        3.338342956336707,
        3.3342034233614175
      ]
    },
    "cwa": {
      "mean": 3.351850349907963,
      "std": 0.004222720089646927,
      "per_seed": [
        3.3576810158064108,
        3.350052849154899,
        3.3478171847625795
      ]
    }
  },
  "wikitext2_ppl": {
    "gelu": {
      "mean": 738.7480346569839,
      "std": 7.017439422271366,
      "per_seed": [
        745.7654740792553,
        731.7305952347126
      ]
    },
    "gelu+ln": {
      "mean": 744.4728609707167,
      "std": 7.315545722321815,
      "per_seed": [
        751.7884066930386,
        737.157315248395
      ]
    },
    "selu": {
      "mean": 756.3024270148571,
      "std": 6.798223262272302,
      "per_seed": [
        763.1006502771295,
        749.5042037525849
      ]
    },
    "tanh_swish": {
      "mean": 761.6275704913164,
      "std": 7.8091697583769815,
      "per_seed": [
        769.4367402496935,
        753.8184007329395
      ]
    },
    "cwa": {
      "mean": 767.4166611828086,
      "std": 6.799365428971839,
      "per_seed": [
        774.2160266117805,
        760.6172957538369
      ]
    }
  },
  "baseline_comparison": {
    "shakespeare_bpc_vs_gelu_pct": -3.9254467667731827,
    "wikitext2_ppl_vs_gelu_pct": -3.880704270047387,
    "shakespeare_cwa_better_than_all": false,
    "wikitext2_cwa_better_than_all": false
  },
  "success_criteria_evaluation": {
    "note": "BPC/PPL improvement over GELU determines verdict.",
    "bpc_improvement_over_gelu_pct": -3.9254467667731827,
    "ppl_improvement_over_gelu_pct": -3.880704270047387,
    "memory_criterion_met_shakespeare": true,
    "memory_criterion_met_wikitext2": true,
    "verdict": "DISCONFIRM"
  },
  "hyperparameters": {
    "gpt": {
      "n_layer": 6,
      "n_head": 8,
      "n_embd": 256,
      "dropout": 0.1
    },
    "shakespeare": {
      "seeds": [
        42,
        123,
        7
      ]
    },
    "wikitext2": {
      "seq_len": 128,
      "batch_size": 32,
      "max_steps": 500,
      "lr": 0.0003,
      "warmup_steps": 50,
      "grad_clip": 1.0,
      "eval_every": 100,
      "log_every": 100,
      "eval_n_batches": 15,
      "seeds": [
        42,
        123
      ]
    },
    "cwa": {
      "J_raw_init": 0.0,
      "J_init": 0.5,
      "K_max": 5,
      "unrolled_warm_steps": 3,
      "ift_threshold": 0.8
    }
  },
  "peak_gpu_memory_mb": {
    "shakespeare": {
      "gelu": 1758.08740234375,
      "gelu+ln": 2142.94677734375,
      "selu": 1758.14990234375,
      "tanh_swish": 2158.1494140625,
      "cwa": 2714.587890625
    },
    "wikitext2": {
      "gelu": 3676.923828125,
      "gelu+ln": 3779.44140625,
      "selu": 3683.20703125,
      "tanh_swish": 3779.20703125,
      "cwa": 3875.587890625
    },
    "ratio_cwa_over_gelu": {
      "shakespeare": 1.5440574154653037,
      "wikitext2": 1.054029964118486
    }
  },
  "J_s_bar_trajectory": {
    "layer_0": [
      {
        "step": 0,
        "J": 0.5,
        "J_s_bar": 0.456989,
        "K": 5,
        "mode": "unrolled"
      },
      {
        "step": 100,
        "J": 0.499536,
        "J_s_bar": 0.448887,
        "K": 5,
        "mode": "unrolled"
      },
      {
        "step": 200,
        "J": 0.499059,
        "J_s_bar": 0.443841,
        "K": 5,
        "mode": "unrolled"
      },
      {
        "step": 300,
        "J": 0.499137,
        "J_s_bar": 0.441952,
        "K": 5,
        "mode": "unrolled"
      },
      {
        "step": 400,
        "J": 0.499038,
        "J_s_bar": 0.441164,
        "K": 5,
        "mode": "unrolled"
      }
    ],
    "layer_1": [
      {
        "step": 0,
        "J": 0.5,
        "J_s_bar": 0.457232,
        "K": 5,
        "mode": "unrolled"
      },
      {
        "step": 100,
        "J": 0.501251,
        "J_s_bar": 0.449411,
        "K": 5,
        "mode": "unrolled"
      },
      {
        "step": 200,
        "J": 0.500972,
        "J_s_bar": 0.449103,
        "K": 5,
        "mode": "unrolled"
      },
      {
        "step": 300,
        "J": 0.500712,
        "J_s_bar": 0.449579,
        "K": 5,
        "mode": "unrolled"
      },
      {
        "step": 400,
        "J": 0.500627,
        "J_s_bar": 0.450202,
        "K": 5,
        "mode": "unrolled"
      }
    ],
    "layer_2": [
      {
        "step": 0,
        "J": 0.5,
        "J_s_bar": 0.456779,
        "K": 5,
        "mode": "unrolled"
      },
      {
        "step": 100,
        "J": 0.498845,
        "J_s_bar": 0.449742,
        "K": 5,
        "mode": "unrolled"
      },
      {
        "step": 200,
        "J": 0.499057,
        "J_s_bar": 0.44985,
        "K": 5,
        "mode": "unrolled"
      },
      {
        "step": 300,
        "J": 0.499092,
        "J_s_bar": 0.450695,
        "K": 5,
        "mode": "unrolled"
      },
      {
        "step": 400,
        "J": 0.499107,
        "J_s_bar": 0.45165,
        "K": 5,
        "mode": "unrolled"
      }
    ],
    "layer_3": [
      {
        "step": 0,
        "J": 0.5,
        "J_s_bar": 0.457274,
        "K": 5,
        "mode": "unrolled"
      },
      {
        "step": 100,
        "J": 0.50027,
        "J_s_bar": 0.451547,
        "K": 5,
        "mode": "unrolled"
      },
      {
        "step": 200,
        "J": 0.499895,
        "J_s_bar": 0.450802,
        "K": 5,
        "mode": "unrolled"
      },
      {
        "step": 300,
        "J": 0.499768,
        "J_s_bar": 0.450867,
        "K": 5,
        "mode": "unrolled"
      },
      {
        "step": 400,
        "J": 0.49993,
        "J_s_bar": 0.45062,
        "K": 5,
        "mode": "unrolled"
      }
    ],
    "layer_4": [
      {
        "step": 0,
        "J": 0.5,
        "J_s_bar": 0.457876,
        "K": 5,
        "mode": "unrolled"
      },
      {
        "step": 100,
        "J": 0.499725,
        "J_s_bar": 0.45333,
        "K": 5,
        "mode": "unrolled"
      },
      {
        "step": 200,
        "J": 0.49943,
        "J_s_bar": 0.452793,
        "K": 5,
        "mode": "unrolled"
      },
      {
        "step": 300,
        "J": 0.499609,
        "J_s_bar": 0.451067,
        "K": 5,
        "mode": "unrolled"
      },
      {
        "step": 400,
        "J": 0.499777,
        "J_s_bar": 0.449403,
        "K": 5,
        "mode": "unrolled"
      }
    ],
    "layer_5": [
      {
        "step": 0,
        "J": 0.5,
        "J_s_bar": 0.457204,
        "K": 5,
        "mode": "unrolled"
      },
      {
        "step": 100,
        "J": 0.50102,
        "J_s_bar": 0.455364,
        "K": 5,
        "mode": "unrolled"
      },
      {
        "step": 200,
        "J": 0.50022,
        "J_s_bar": 0.455096,
        "K": 5,
        "mode": "unrolled"
      },
      {
        "step": 300,
        "J": 0.500487,
        "J_s_bar": 0.452901,
        "K": 5,
        "mode": "unrolled"
      },
      {
        "step": 400,
        "J": 0.500792,
        "J_s_bar": 0.450888,
        "K": 5,